periods,ann_factor,total_return,CAGR,annual_vol,Sharpe,max_drawdown,cost_bps
2631,252,1.1475861082157817,0.0759561764318577,0.19845281603571996,0.46874125624857543,-0.42603866431956705,0
2631,252,0.9690154578043544,0.06704687103446894,0.19837379016769965,0.426921666281323,-0.43740391074538054,10
2631,252,0.3889630367510839,0.03196998766130599,0.19887870126801188,0.25823909608533174,-0.48258770964487185,50
