periods,ann_factor,total_return,CAGR,annual_vol,Sharpe,max_drawdown,cost_bps
2631,252,6.900547998768271,0.21892945089213378,0.2369006051714147,0.9548335928740245,-0.3494083509181428,0
2631,252,6.394414330231565,0.21122418934193954,0.23683976607829127,0.928225848472098,-0.3498981291483749,10
2631,252,4.671450100860866,0.18083612301981833,0.23677277717041126,0.8210459938156245,-0.35185724206930535,50
