periods,ann_factor,total_return,CAGR,annual_vol,Sharpe,max_drawdown,cost_bps
2631,252,16.532276290387223,0.31563726472633946,0.27177080046262436,1.1460718530823115,-0.33854611742715024,0
2631,252,15.620003109696956,0.3089207578866382,0.27173038332027616,1.1273490866437297,-0.3387960128555493,10
2631,252,12.417206254908072,0.28235622459963916,0.2716790961914389,1.0519747071246097,-0.339795594569144,50
