periods,ann_factor,total_return,CAGR,annual_vol,Sharpe,max_drawdown,cost_bps
2631,252,12.960511308130682,0.2872410354988135,0.27541334093952397,1.055424960373493,-0.3480312012752558,0
2631,252,12.136029673938069,0.2797575262184282,0.2753869096664296,1.0343101253812668,-0.3482778189314766,10
2631,252,9.292993689478653,0.25020816215921626,0.2754155714154018,0.9493467859997932,-0.34926428955636146,50
